"ano","sexo","idade","obitos"
2021,"Homens",0,17622
2021,"Homens",1,1174
2021,"Homens",2,686
2021,"Homens",3,529
2021,"Homens",4,375
2021,"Homens",5,356
2021,"Homens",6,311
2021,"Homens",7,283
2021,"Homens",8,285
2021,"Homens",9,291
2021,"Homens",10,284
2021,"Homens",11,310
2021,"Homens",12,376
2021,"Homens",13,495
2021,"Homens",14,748
2021,"Homens",15,1114
2021,"Homens",16,1705
2021,"Homens",17,2445
2021,"Homens",18,3142
2021,"Homens",19,3634
2021,"Homens",20,4055
2021,"Homens",21,4271
2021,"Homens",22,4365
2021,"Homens",23,4392
2021,"Homens",24,4285
2021,"Homens",25,4502
2021,"Homens",26,4518
2021,"Homens",27,4380
2021,"Homens",28,4450
2021,"Homens",29,4442
2021,"Homens",30,4465
2021,"Homens",31,4689
2021,"Homens",32,5076
2021,"Homens",33,5350
2021,"Homens",34,5506
2021,"Homens",35,5955
2021,"Homens",36,6074
2021,"Homens",37,6410
2021,"Homens",38,7091
2021,"Homens",39,7324
2021,"Homens",40,7668
2021,"Homens",41,7976
2021,"Homens",42,8262
2021,"Homens",43,8540
2021,"Homens",44,8840
2021,"Homens",45,9431
2021,"Homens",46,9559
2021,"Homens",47,9684
2021,"Homens",48,10546
2021,"Homens",49,11144
2021,"Homens",50,11442
2021,"Homens",51,12456
2021,"Homens",52,13039
2021,"Homens",53,13372
2021,"Homens",54,14181
2021,"Homens",55,15085
2021,"Homens",56,16026
2021,"Homens",57,17143
2021,"Homens",58,17592
2021,"Homens",59,17709
2021,"Homens",60,17830
2021,"Homens",61,18305
2021,"Homens",62,19417
2021,"Homens",63,20530
2021,"Homens",64,20617
2021,"Homens",65,20885
2021,"Homens",66,21582
2021,"Homens",67,21801
2021,"Homens",68,21733
2021,"Homens",69,21942
2021,"Homens",70,22103
2021,"Homens",71,22459
2021,"Homens",72,22011
2021,"Homens",73,22149
2021,"Homens",74,22000
2021,"Homens",75,20818
2021,"Homens",76,20516
2021,"Homens",77,20891
2021,"Homens",78,20693
2021,"Homens",79,19270
2021,"Homens",80,18889
2021,"Homens",81,19772
2021,"Homens",82,18611
2021,"Homens",83,17314
2021,"Homens",84,16913
2021,"Homens",85,16823
2021,"Homens",86,14857
2021,"Homens",87,13237
2021,"Homens",88,12660
2021,"Homens",89,11709
2021,"Homens",90,10477
2021,"Homens",91,9469
2021,"Homens",92,7720
2021,"Homens",93,6572
2021,"Homens",94,5431
2021,"Homens",95,4465
2021,"Homens",96,3543
2021,"Homens",97,2768
2021,"Homens",98,2025
2021,"Homens",99,1468
2021,"Homens",100,1076
2021,"Homens",101,820
2021,"Homens",102,571
2021,"Homens",103,417
2021,"Homens",104,272
2021,"Homens",105,173
2021,"Homens",106,147
2021,"Homens",107,82
2021,"Homens",108,61
2021,"Homens",109,50
2021,"Homens",110,37
2021,"Homens",111,28
2021,"Homens",112,12
2021,"Homens",113,9
2021,"Homens",114,3
2021,"Homens",115,8
2021,"Homens",116,1
2021,"Homens",117,1
2021,"Homens",119,1
2021,"Homens",120,2
2021,"Homens",121,1
2021,"Mulheres",0,14043
2021,"Mulheres",1,1007
2021,"Mulheres",2,537
2021,"Mulheres",3,406
2021,"Mulheres",4,307
2021,"Mulheres",5,291
2021,"Mulheres",6,277
2021,"Mulheres",7,218
2021,"Mulheres",8,219
2021,"Mulheres",9,235
2021,"Mulheres",10,229
2021,"Mulheres",11,250
2021,"Mulheres",12,309
2021,"Mulheres",13,338
2021,"Mulheres",14,459
2021,"Mulheres",15,526
2021,"Mulheres",16,607
2021,"Mulheres",17,733
2021,"Mulheres",18,793
2021,"Mulheres",19,884
2021,"Mulheres",20,997
2021,"Mulheres",21,1064
2021,"Mulheres",22,1093
2021,"Mulheres",23,1145
2021,"Mulheres",24,1230
2021,"Mulheres",25,1416
2021,"Mulheres",26,1480
2021,"Mulheres",27,1483
2021,"Mulheres",28,1559
2021,"Mulheres",29,1698
2021,"Mulheres",30,1792
2021,"Mulheres",31,2000
2021,"Mulheres",32,2230
2021,"Mulheres",33,2340
2021,"Mulheres",34,2412
2021,"Mulheres",35,2791
2021,"Mulheres",36,2856
2021,"Mulheres",37,3195
2021,"Mulheres",38,3612
2021,"Mulheres",39,4011
2021,"Mulheres",40,3952
2021,"Mulheres",41,4376
2021,"Mulheres",42,4640
2021,"Mulheres",43,4737
2021,"Mulheres",44,5094
2021,"Mulheres",45,5291
2021,"Mulheres",46,5589
2021,"Mulheres",47,5849
2021,"Mulheres",48,6333
2021,"Mulheres",49,6458
2021,"Mulheres",50,6695
2021,"Mulheres",51,7280
2021,"Mulheres",52,7725
2021,"Mulheres",53,8257
2021,"Mulheres",54,8840
2021,"Mulheres",55,9593
2021,"Mulheres",56,10110
2021,"Mulheres",57,11149
2021,"Mulheres",58,11176
2021,"Mulheres",59,11796
2021,"Mulheres",60,12041
2021,"Mulheres",61,12570
2021,"Mulheres",62,13351
2021,"Mulheres",63,14181
2021,"Mulheres",64,14218
2021,"Mulheres",65,14929
2021,"Mulheres",66,15548
2021,"Mulheres",67,16020
2021,"Mulheres",68,16224
2021,"Mulheres",69,16380
2021,"Mulheres",70,16588
2021,"Mulheres",71,17346
2021,"Mulheres",72,17317
2021,"Mulheres",73,17987
2021,"Mulheres",74,17818
2021,"Mulheres",75,17354
2021,"Mulheres",76,17538
2021,"Mulheres",77,18436
2021,"Mulheres",78,18673
2021,"Mulheres",79,18064
2021,"Mulheres",80,18074
2021,"Mulheres",81,19833
2021,"Mulheres",82,19539
2021,"Mulheres",83,19146
2021,"Mulheres",84,19289
2021,"Mulheres",85,20092
2021,"Mulheres",86,18734
2021,"Mulheres",87,16766
2021,"Mulheres",88,16872
2021,"Mulheres",89,16470
2021,"Mulheres",90,15688
2021,"Mulheres",91,14982
2021,"Mulheres",92,12800
2021,"Mulheres",93,11303
2021,"Mulheres",94,9860
2021,"Mulheres",95,8176
2021,"Mulheres",96,6867
2021,"Mulheres",97,5200
2021,"Mulheres",98,4183
2021,"Mulheres",99,2933
2021,"Mulheres",100,2351
2021,"Mulheres",101,1844
2021,"Mulheres",102,1301
2021,"Mulheres",103,1028
2021,"Mulheres",104,735
2021,"Mulheres",105,539
2021,"Mulheres",106,367
2021,"Mulheres",107,230
2021,"Mulheres",108,190
2021,"Mulheres",109,108
2021,"Mulheres",110,91
2021,"Mulheres",111,67
2021,"Mulheres",112,33
2021,"Mulheres",113,20
2021,"Mulheres",114,43
2021,"Mulheres",115,32
2021,"Mulheres",116,16
2021,"Mulheres",117,5
2021,"Mulheres",118,2
2021,"Mulheres",119,2
2021,"Mulheres",121,2
2021,"Mulheres",122,1
2021,"Mulheres",124,1
2022,"Homens",0,17732
2022,"Homens",1,1385
2022,"Homens",2,854
2022,"Homens",3,647
2022,"Homens",4,518
2022,"Homens",5,421
2022,"Homens",6,386
2022,"Homens",7,364
2022,"Homens",8,322
2022,"Homens",9,306
2022,"Homens",10,307
2022,"Homens",11,359
2022,"Homens",12,430
2022,"Homens",13,499
2022,"Homens",14,716
2022,"Homens",15,1116
2022,"Homens",16,1654
2022,"Homens",17,2228
2022,"Homens",18,2801
2022,"Homens",19,3365
2022,"Homens",20,3687
2022,"Homens",21,4027
2022,"Homens",22,4220
2022,"Homens",23,4141
2022,"Homens",24,4166
2022,"Homens",25,4005
2022,"Homens",26,4084
2022,"Homens",27,4234
2022,"Homens",28,4051
2022,"Homens",29,4080
2022,"Homens",30,4008
2022,"Homens",31,3892
2022,"Homens",32,3964
2022,"Homens",33,4466
2022,"Homens",34,4530
2022,"Homens",35,4464
2022,"Homens",36,4766
2022,"Homens",37,4754
2022,"Homens",38,4789
2022,"Homens",39,5351
2022,"Homens",40,5813
2022,"Homens",41,5775
2022,"Homens",42,5955
2022,"Homens",43,6081
2022,"Homens",44,6444
2022,"Homens",45,6448
2022,"Homens",46,6723
2022,"Homens",47,6971
2022,"Homens",48,7413
2022,"Homens",49,7570
2022,"Homens",50,7938
2022,"Homens",51,8441
2022,"Homens",52,8825
2022,"Homens",53,9602
2022,"Homens",54,10125
2022,"Homens",55,10566
2022,"Homens",56,11453
2022,"Homens",57,12131
2022,"Homens",58,12931
2022,"Homens",59,13351
2022,"Homens",60,13465
2022,"Homens",61,14214
2022,"Homens",62,14889
2022,"Homens",63,15364
2022,"Homens",64,16027
2022,"Homens",65,16856
2022,"Homens",66,16835
2022,"Homens",67,17004
2022,"Homens",68,17810
2022,"Homens",69,17729
2022,"Homens",70,18121
2022,"Homens",71,18282
2022,"Homens",72,18593
2022,"Homens",73,18154
2022,"Homens",74,18672
2022,"Homens",75,18337
2022,"Homens",76,17797
2022,"Homens",77,17830
2022,"Homens",78,17975
2022,"Homens",79,17693
2022,"Homens",80,16922
2022,"Homens",81,16711
2022,"Homens",82,17868
2022,"Homens",83,16747
2022,"Homens",84,15523
2022,"Homens",85,14897
2022,"Homens",86,14920
2022,"Homens",87,13592
2022,"Homens",88,11626
2022,"Homens",89,10884
2022,"Homens",90,10211
2022,"Homens",91,9412
2022,"Homens",92,8165
2022,"Homens",93,6930
2022,"Homens",94,5653
2022,"Homens",95,4621
2022,"Homens",96,3613
2022,"Homens",97,2930
2022,"Homens",98,2073
2022,"Homens",99,1590
2022,"Homens",100,1081
2022,"Homens",101,851
2022,"Homens",102,599
2022,"Homens",103,458
2022,"Homens",104,300
2022,"Homens",105,205
2022,"Homens",106,146
2022,"Homens",107,107
2022,"Homens",108,55
2022,"Homens",109,47
2022,"Homens",110,29
2022,"Homens",111,24
2022,"Homens",112,15
2022,"Homens",113,7
2022,"Homens",114,6
2022,"Homens",115,9
2022,"Homens",116,4
2022,"Homens",117,3
2022,"Homens",119,1
2022,"Homens",120,1
2022,"Homens",121,2
2022,"Homens",122,2
2022,"Mulheres",0,14356
2022,"Mulheres",1,1183
2022,"Mulheres",2,748
2022,"Mulheres",3,551
2022,"Mulheres",4,395
2022,"Mulheres",5,338
2022,"Mulheres",6,310
2022,"Mulheres",7,279
2022,"Mulheres",8,261
2022,"Mulheres",9,263
2022,"Mulheres",10,289
2022,"Mulheres",11,326
2022,"Mulheres",12,307
2022,"Mulheres",13,370
2022,"Mulheres",14,446
2022,"Mulheres",15,521
2022,"Mulheres",16,622
2022,"Mulheres",17,674
2022,"Mulheres",18,716
2022,"Mulheres",19,757
2022,"Mulheres",20,898
2022,"Mulheres",21,940
2022,"Mulheres",22,1009
2022,"Mulheres",23,1042
2022,"Mulheres",24,1039
2022,"Mulheres",25,1063
2022,"Mulheres",26,1193
2022,"Mulheres",27,1221
2022,"Mulheres",28,1329
2022,"Mulheres",29,1292
2022,"Mulheres",30,1299
2022,"Mulheres",31,1349
2022,"Mulheres",32,1521
2022,"Mulheres",33,1700
2022,"Mulheres",34,1796
2022,"Mulheres",35,1909
2022,"Mulheres",36,2023
2022,"Mulheres",37,2149
2022,"Mulheres",38,2337
2022,"Mulheres",39,2620
2022,"Mulheres",40,2868
2022,"Mulheres",41,2977
2022,"Mulheres",42,3082
2022,"Mulheres",43,3302
2022,"Mulheres",44,3507
2022,"Mulheres",45,3591
2022,"Mulheres",46,3880
2022,"Mulheres",47,3898
2022,"Mulheres",48,4233
2022,"Mulheres",49,4427
2022,"Mulheres",50,4626
2022,"Mulheres",51,4836
2022,"Mulheres",52,5137
2022,"Mulheres",53,5553
2022,"Mulheres",54,5920
2022,"Mulheres",55,6168
2022,"Mulheres",56,6781
2022,"Mulheres",57,7254
2022,"Mulheres",58,7800
2022,"Mulheres",59,8145
2022,"Mulheres",60,8458
2022,"Mulheres",61,9020
2022,"Mulheres",62,9525
2022,"Mulheres",63,10059
2022,"Mulheres",64,10924
2022,"Mulheres",65,11160
2022,"Mulheres",66,11790
2022,"Mulheres",67,12290
2022,"Mulheres",68,12671
2022,"Mulheres",69,13023
2022,"Mulheres",70,13418
2022,"Mulheres",71,13612
2022,"Mulheres",72,14371
2022,"Mulheres",73,14614
2022,"Mulheres",74,15336
2022,"Mulheres",75,15520
2022,"Mulheres",76,15374
2022,"Mulheres",77,16029
2022,"Mulheres",78,16641
2022,"Mulheres",79,16830
2022,"Mulheres",80,16344
2022,"Mulheres",81,17220
2022,"Mulheres",82,19197
2022,"Mulheres",83,18721
2022,"Mulheres",84,18438
2022,"Mulheres",85,18532
2022,"Mulheres",86,19188
2022,"Mulheres",87,17955
2022,"Mulheres",88,16540
2022,"Mulheres",89,16116
2022,"Mulheres",90,15907
2022,"Mulheres",91,15292
2022,"Mulheres",92,14058
2022,"Mulheres",93,11989
2022,"Mulheres",94,10462
2022,"Mulheres",95,9069
2022,"Mulheres",96,7614
2022,"Mulheres",97,5954
2022,"Mulheres",98,4542
2022,"Mulheres",99,3588
2022,"Mulheres",100,2429
2022,"Mulheres",101,2022
2022,"Mulheres",102,1505
2022,"Mulheres",103,1101
2022,"Mulheres",104,726
2022,"Mulheres",105,560
2022,"Mulheres",106,413
2022,"Mulheres",107,279
2022,"Mulheres",108,193
2022,"Mulheres",109,129
2022,"Mulheres",110,100
2022,"Mulheres",111,73
2022,"Mulheres",112,36
2022,"Mulheres",113,26
2022,"Mulheres",114,18
2022,"Mulheres",115,30
2022,"Mulheres",116,22
2022,"Mulheres",117,13
2022,"Mulheres",118,6
2022,"Mulheres",119,1
2022,"Mulheres",123,1
2022,"Mulheres",131,1
2023,"Homens",0,17632
2023,"Homens",1,1312
2023,"Homens",2,765
2023,"Homens",3,578
2023,"Homens",4,560
2023,"Homens",5,455
2023,"Homens",6,346
2023,"Homens",7,386
2023,"Homens",8,355
2023,"Homens",9,311
2023,"Homens",10,346
2023,"Homens",11,385
2023,"Homens",12,390
2023,"Homens",13,502
2023,"Homens",14,750
2023,"Homens",15,1098
2023,"Homens",16,1509
2023,"Homens",17,2034
2023,"Homens",18,2679
2023,"Homens",19,3151
2023,"Homens",20,3480
2023,"Homens",21,3564
2023,"Homens",22,3762
2023,"Homens",23,4005
2023,"Homens",24,4016
2023,"Homens",25,4106
2023,"Homens",26,4007
2023,"Homens",27,4128
2023,"Homens",28,4159
2023,"Homens",29,3988
2023,"Homens",30,3905
2023,"Homens",31,3868
2023,"Homens",32,3931
2023,"Homens",33,4097
2023,"Homens",34,4336
2023,"Homens",35,4607
2023,"Homens",36,4539
2023,"Homens",37,4741
2023,"Homens",38,4727
2023,"Homens",39,4886
2023,"Homens",40,5456
2023,"Homens",41,5930
2023,"Homens",42,5829
2023,"Homens",43,6050
2023,"Homens",44,6279
2023,"Homens",45,6449
2023,"Homens",46,6552
2023,"Homens",47,6866
2023,"Homens",48,7215
2023,"Homens",49,7278
2023,"Homens",50,7923
2023,"Homens",51,8104
2023,"Homens",52,8712
2023,"Homens",53,8982
2023,"Homens",54,9825
2023,"Homens",55,10109
2023,"Homens",56,10603
2023,"Homens",57,11512
2023,"Homens",58,12077
2023,"Homens",59,12972
2023,"Homens",60,13273
2023,"Homens",61,13554
2023,"Homens",62,14141
2023,"Homens",63,14876
2023,"Homens",64,15192
2023,"Homens",65,16189
2023,"Homens",66,16401
2023,"Homens",67,16877
2023,"Homens",68,16941
2023,"Homens",69,17383
2023,"Homens",70,17391
2023,"Homens",71,17555
2023,"Homens",72,17584
2023,"Homens",73,18013
2023,"Homens",74,17517
2023,"Homens",75,17925
2023,"Homens",76,17543
2023,"Homens",77,16664
2023,"Homens",78,16495
2023,"Homens",79,16701
2023,"Homens",80,16453
2023,"Homens",81,15589
2023,"Homens",82,15067
2023,"Homens",83,16184
2023,"Homens",84,14898
2023,"Homens",85,13684
2023,"Homens",86,12811
2023,"Homens",87,12605
2023,"Homens",88,11146
2023,"Homens",89,9625
2023,"Homens",90,8912
2023,"Homens",91,8126
2023,"Homens",92,7167
2023,"Homens",93,6360
2023,"Homens",94,5068
2023,"Homens",95,4209
2023,"Homens",96,3394
2023,"Homens",97,2500
2023,"Homens",98,1888
2023,"Homens",99,1352
2023,"Homens",100,949
2023,"Homens",101,728
2023,"Homens",102,440
2023,"Homens",103,381
2023,"Homens",104,220
2023,"Homens",105,215
2023,"Homens",106,142
2023,"Homens",107,100
2023,"Homens",108,68
2023,"Homens",109,46
2023,"Homens",110,27
2023,"Homens",111,31
2023,"Homens",112,15
2023,"Homens",113,17
2023,"Homens",114,5
2023,"Homens",115,3
2023,"Homens",116,6
2023,"Homens",123,3
2023,"Mulheres",0,14198
2023,"Mulheres",1,1138
2023,"Mulheres",2,603
2023,"Mulheres",3,503
2023,"Mulheres",4,476
2023,"Mulheres",5,373
2023,"Mulheres",6,310
2023,"Mulheres",7,302
2023,"Mulheres",8,248
2023,"Mulheres",9,298
2023,"Mulheres",10,263
2023,"Mulheres",11,272
2023,"Mulheres",12,268
2023,"Mulheres",13,365
2023,"Mulheres",14,432
2023,"Mulheres",15,467
2023,"Mulheres",16,565
2023,"Mulheres",17,599
2023,"Mulheres",18,671
2023,"Mulheres",19,705
2023,"Mulheres",20,784
2023,"Mulheres",21,903
2023,"Mulheres",22,864
2023,"Mulheres",23,974
2023,"Mulheres",24,998
2023,"Mulheres",25,1036
2023,"Mulheres",26,1075
2023,"Mulheres",27,1214
2023,"Mulheres",28,1253
2023,"Mulheres",29,1332
2023,"Mulheres",30,1349
2023,"Mulheres",31,1392
2023,"Mulheres",32,1419
2023,"Mulheres",33,1541
2023,"Mulheres",34,1745
2023,"Mulheres",35,1847
2023,"Mulheres",36,1954
2023,"Mulheres",37,2160
2023,"Mulheres",38,2224
2023,"Mulheres",39,2376
2023,"Mulheres",40,2764
2023,"Mulheres",41,2892
2023,"Mulheres",42,3053
2023,"Mulheres",43,3189
2023,"Mulheres",44,3512
2023,"Mulheres",45,3544
2023,"Mulheres",46,3712
2023,"Mulheres",47,3762
2023,"Mulheres",48,4074
2023,"Mulheres",49,4192
2023,"Mulheres",50,4714
2023,"Mulheres",51,4656
2023,"Mulheres",52,4866
2023,"Mulheres",53,5396
2023,"Mulheres",54,5684
2023,"Mulheres",55,5975
2023,"Mulheres",56,6359
2023,"Mulheres",57,6845
2023,"Mulheres",58,7434
2023,"Mulheres",59,8160
2023,"Mulheres",60,8362
2023,"Mulheres",61,8674
2023,"Mulheres",62,9025
2023,"Mulheres",63,10108
2023,"Mulheres",64,10236
2023,"Mulheres",65,10795
2023,"Mulheres",66,11436
2023,"Mulheres",67,11650
2023,"Mulheres",68,12081
2023,"Mulheres",69,12708
2023,"Mulheres",70,12922
2023,"Mulheres",71,13230
2023,"Mulheres",72,13666
2023,"Mulheres",73,14488
2023,"Mulheres",74,14299
2023,"Mulheres",75,15014
2023,"Mulheres",76,15160
2023,"Mulheres",77,14793
2023,"Mulheres",78,15270
2023,"Mulheres",79,16142
2023,"Mulheres",80,16152
2023,"Mulheres",81,15860
2023,"Mulheres",82,16414
2023,"Mulheres",83,18283
2023,"Mulheres",84,17446
2023,"Mulheres",85,16998
2023,"Mulheres",86,17006
2023,"Mulheres",87,17308
2023,"Mulheres",88,16217
2023,"Mulheres",89,14559
2023,"Mulheres",90,13966
2023,"Mulheres",91,13676
2023,"Mulheres",92,12680
2023,"Mulheres",93,11857
2023,"Mulheres",94,9731
2023,"Mulheres",95,8374
2023,"Mulheres",96,6867
2023,"Mulheres",97,5582
2023,"Mulheres",98,4380
2023,"Mulheres",99,3271
2023,"Mulheres",100,2413
2023,"Mulheres",101,1687
2023,"Mulheres",102,1311
2023,"Mulheres",103,945
2023,"Mulheres",104,691
2023,"Mulheres",105,502
2023,"Mulheres",106,331
2023,"Mulheres",107,281
2023,"Mulheres",108,171
2023,"Mulheres",109,99
2023,"Mulheres",110,89
2023,"Mulheres",111,65
2023,"Mulheres",112,45
2023,"Mulheres",113,44
2023,"Mulheres",114,16
2023,"Mulheres",115,14
2023,"Mulheres",116,20
2023,"Mulheres",117,10
2023,"Mulheres",118,7
2023,"Mulheres",119,4
2023,"Mulheres",120,2
2023,"Mulheres",121,4
2023,"Mulheres",123,1
